order_id,user_id,group,product_id,category_id,purchase_date,source,recommendation_id,session_id
ORD000001,U00002,B,P0075,TREAT,2026-11-25 20:21:19.846318,direct,,S0000009
ORD000002,U00016,A,P0063,TREAT,2026-10-07 05:46:49.266135,direct,,S0000099
ORD000003,U00055,A,P0062,TREAT,2026-11-05 13:17:40.939997,direct,,S0000279
ORD000004,U00082,B,P0067,TREAT,2026-12-04 21:34:24.710146,recommendation,REC000179,S0000411
ORD000005,U00111,A,P0068,TREAT,2026-12-05 21:00:00.000000,comparison,REC000242,S0000579
ORD000006,U00172,B,P0074,TREAT,2026-10-19 12:23:03.088440,direct,,S0000934
ORD000007,U00172,B,P0063,TREAT,2026-11-03 12:23:03.088440,recommendation,REC000413,S0000946
ORD000008,U00179,B,P0066,TREAT,2026-11-09 21:41:40.776990,recommendation,REC000425,S0000988
ORD000009,U00195,B,P0063,TREAT,2026-12-05 18:00:00.000000,direct,,S0001055
ORD000010,U00197,B,P0074,TREAT,2026-10-27 19:51:10.382617,direct,,S0001061
ORD000011,U00197,B,P0069,TREAT,2026-11-02 19:51:10.382617,recommendation,REC000461,S0001063
ORD000012,U00207,B,P0068,TREAT,2026-09-27 19:47:54.204547,recommendation,REC000483,S0001120
ORD000013,U00213,B,P0069,TREAT,2026-11-15 21:33:57.309168,recommendation,REC000503,S0001156
ORD000014,U00252,B,P0067,TREAT,2026-12-05 17:00:00.000000,recommendation,REC000612,S0001398
ORD000015,U00278,A,P0069,TREAT,2026-09-23 19:05:58.641667,recommendation,REC000678,S0001535
ORD000016,U00293,B,P0054,TREAT,2026-10-28 15:14:45.167394,direct,,S0001619
ORD000017,U00296,A,P0055,TREAT,2026-11-30 16:19:07.050089,comparison,REC000717,S0001632
ORD000018,U00300,A,P0063,TREAT,2026-11-06 06:30:43.959105,comparison,REC000732,S0001659
ORD000019,U00310,B,P0074,TREAT,2026-09-21 08:01:41.267695,recommendation,REC000763,S0001718
ORD000020,U00311,B,P0055,TREAT,2026-10-16 15:46:08.577978,recommendation,REC000768,S0001726
ORD000021,U00316,A,P0079,TREAT,2026-10-31 02:08:52.155791,recommendation,REC000786,S0001770
ORD000022,U00321,A,P0055,TREAT,2026-10-16 11:14:57.600131,direct,,S0001794
ORD000023,U00332,B,P0063,TREAT,2026-11-05 09:34:47.663240,direct,,S0001852
ORD000024,U00384,B,P0077,TREAT,2026-10-27 04:13:14.771110,direct,,S0002121
ORD000025,U00395,B,P0063,TREAT,2026-12-05 15:00:00.000000,direct,,S0002180
ORD000026,U00396,B,P0076,TREAT,2026-11-27 06:20:50.323636,direct,,S0002185
ORD000027,U00399,B,P0055,TREAT,2026-12-05 05:00:00.000000,direct,,S0002208
ORD000028,U00415,B,P0077,TREAT,2026-11-02 11:28:18.230913,recommendation,REC001038,S0002298
ORD000029,U00420,A,P0074,TREAT,2026-11-24 18:31:41.793013,direct,,S0002313
ORD000030,U00429,B,P0062,TREAT,2026-11-10 15:51:36.367018,comparison,,S0002348
ORD000031,U00435,A,P0063,TREAT,2026-11-19 09:57:02.858056,direct,,S0002380
ORD000032,U00436,A,P0068,TREAT,2026-11-27 18:25:06.739003,recommendation,REC001077,S0002386
ORD000033,U00438,B,P0069,TREAT,2026-11-16 02:34:20.018776,comparison,,S0002397
ORD000034,U00438,B,P0074,TREAT,2026-11-30 02:34:20.018776,recommendation,REC001081,S0002398
ORD000035,U00447,A,P0075,TREAT,2026-10-15 10:53:44.643668,recommendation,REC001105,S0002452
ORD000036,U00460,B,P0074,TREAT,2026-10-26 02:39:06.956805,recommendation,REC001137,S0002526
ORD000037,U00466,B,P0069,TREAT,2026-11-20 19:40:24.969147,comparison,REC001157,S0002563
ORD000038,U00470,B,P0062,TREAT,2026-12-01 02:58:48.767381,comparison,REC001169,S0002586
ORD000039,U00493,A,P0075,TREAT,2026-11-22 21:09:20.033259,recommendation,REC001222,S0002700
ORD000040,U00506,A,P0077,TREAT,2026-10-14 13:09:46.372643,recommendation,REC001254,S0002767
ORD000041,U00536,A,P0075,TREAT,2026-10-20 09:43:04.838781,recommendation,REC001320,S0002927
ORD000042,U00547,B,P0054,TREAT,2026-11-29 06:30:42.368418,recommendation,REC001355,S0003004
ORD000043,U00550,B,P0068,TREAT,2026-12-05 22:00:00.000000,direct,,S0003023
ORD000044,U00563,B,P0077,TREAT,2026-12-05 04:00:00.000000,comparison,,S0003081
ORD000045,U00570,A,P0075,TREAT,2026-09-27 08:13:35.982479,recommendation,REC001409,S0003119
ORD000046,U00585,A,P0076,TREAT,2026-11-14 00:25:13.588978,comparison,REC001440,S0003196
ORD000047,U00587,A,P0076,TREAT,2026-10-15 04:54:58.454839,comparison,,S0003212
ORD000048,U00608,B,P0054,TREAT,2026-12-05 11:27:45.453368,comparison,,S0003323
ORD000049,U00611,A,P0076,TREAT,2026-10-13 04:20:52.427259,direct,,S0003337
ORD000050,U00614,B,P0063,TREAT,2026-11-16 11:44:32.938484,direct,,S0003362
ORD000051,U00619,A,P0075,TREAT,2026-09-27 14:16:46.689653,recommendation,REC001537,S0003405
ORD000052,U00651,A,P0076,TREAT,2026-10-30 19:29:30.827755,direct,,S0003542
ORD000053,U00705,A,P0055,TREAT,2026-12-04 16:18:59.898081,recommendation,REC001739,S0003857
ORD000054,U00713,B,P0055,TREAT,2026-12-05 21:00:00.000000,direct,,S0003893
ORD000055,U00717,B,P0078,TREAT,2026-10-14 22:09:01.870339,direct,,S0003927
ORD000056,U00731,A,P0077,TREAT,2026-10-24 17:40:37.276077,direct,,S0004004
ORD000057,U00760,B,P0055,TREAT,2026-10-23 01:35:14.162492,recommendation,REC001876,S0004155
ORD000058,U00786,B,P0077,TREAT,2026-11-09 09:07:11.885384,direct,,S0004285
ORD000059,U00818,A,P0069,TREAT,2026-11-05 16:06:42.562220,recommendation,REC002000,S0004418
ORD000060,U00826,B,P0078,TREAT,2026-11-26 22:18:19.600025,recommendation,REC002021,S0004471
ORD000061,U00835,B,P0062,TREAT,2026-11-16 05:13:19.712041,comparison,REC002045,S0004532
ORD000062,U00841,B,P0074,TREAT,2026-12-04 10:28:18.572699,direct,,S0004583
ORD000063,U00868,B,P0078,TREAT,2026-11-27 16:02:52.249057,recommendation,REC002132,S0004730
ORD000064,U00872,B,P0069,TREAT,2026-11-21 03:18:25.282842,recommendation,REC002147,S0004758
ORD000065,U00879,A,P0066,TREAT,2026-10-22 15:23:27.159015,recommendation,REC002168,S0004796
ORD000066,U00885,A,P0067,TREAT,2026-10-27 12:48:50.148218,comparison,,S0004829
ORD000067,U00885,A,P0076,TREAT,2026-09-30 01:35:45.295111,direct,,S0004830
ORD000068,U00885,A,P0079,TREAT,2026-11-25 12:21:58.586835,direct,,S0004837
ORD000069,U00886,A,P0055,TREAT,2026-12-05 08:43:08.802950,recommendation,REC002190,S0004841
ORD000070,U00922,A,P0067,TREAT,2026-12-05 18:00:00.000000,recommendation,REC002285,S0005043
ORD000071,U00937,A,P0078,TREAT,2026-11-17 09:59:10.075146,recommendation,REC002303,S0005092
ORD000072,U00939,A,P0069,TREAT,2026-12-05 23:00:00.000000,direct,,S0005104
ORD000073,U00942,A,P0054,TREAT,2026-10-24 23:15:46.722366,direct,,S0005114
ORD000074,U00948,A,P0077,TREAT,2026-11-21 06:28:48.973697,comparison,REC002326,S0005147
ORD000075,U00974,A,P0055,TREAT,2026-10-18 20:07:37.466255,direct,,S0005263
ORD000076,U00977,B,P0074,TREAT,2026-12-05 23:00:00.000000,direct,,S0005276
ORD000077,U00987,B,P0062,TREAT,2026-10-11 18:10:23.193149,recommendation,REC002415,S0005327
ORD000078,U00995,B,P0063,TREAT,2026-10-10 15:15:21.705377,direct,,S0005367
ORD000079,U01001,B,P0078,TREAT,2026-11-19 03:02:34.030314,direct,,S0005407
ORD000080,U01070,B,P0067,TREAT,2026-11-29 14:59:36.535312,comparison,,S0005788
ORD000081,U01087,B,P0062,TREAT,2026-11-06 17:32:00.577399,direct,,S0005878
ORD000082,U01129,A,P0062,TREAT,2026-12-04 19:17:19.524763,direct,,S0006117
ORD000083,U01134,B,P0076,TREAT,2026-10-23 13:17:31.665447,recommendation,REC002783,S0006153
ORD000084,U01197,B,P0067,TREAT,2026-10-09 02:18:50.820833,direct,,S0006474
ORD000085,U01197,B,P0077,TREAT,2026-10-30 02:18:50.820833,recommendation,REC002928,S0006480
ORD000086,U01202,A,P0062,TREAT,2026-11-30 22:56:05.023392,recommendation,REC002941,S0006509
ORD000087,U01214,B,P0069,TREAT,2026-11-22 01:57:40.990047,direct,,S0006575
ORD000088,U01236,A,P0076,TREAT,2026-10-16 12:34:30.787241,direct,,S0006675
ORD000089,U01293,A,P0066,TREAT,2026-10-27 03:09:14.536623,direct,,S0006999
ORD000090,U01331,A,P0067,TREAT,2026-11-17 17:50:31.738603,recommendation,REC003260,S0007209
ORD000091,U01333,A,P0074,TREAT,2026-10-03 07:23:44.359974,comparison,,S0007215
ORD000092,U01344,B,P0066,TREAT,2026-11-27 12:02:39.654599,direct,,S0007284
ORD000093,U01358,B,P0078,TREAT,2026-11-03 15:33:34.113999,direct,,S0007365
ORD000094,U01369,A,P0068,TREAT,2026-11-27 23:13:03.380119,direct,,S0007433
ORD000095,U01372,A,P0062,TREAT,2026-10-07 22:28:19.835551,comparison,,S0007443
ORD000096,U01386,A,P0069,TREAT,2026-09-28 16:02:54.931215,direct,,S0007500
ORD000097,U01387,A,P0075,TREAT,2026-12-01 03:24:24.865248,recommendation,REC003400,S0007508
ORD000098,U01392,B,P0074,TREAT,2026-12-01 23:00:35.193490,recommendation,REC003415,S0007539
ORD000099,U01395,A,P0075,TREAT,2026-11-23 12:36:51.249670,recommendation,REC003426,S0007560
ORD000100,U01444,B,P0069,TREAT,2026-12-05 02:41:58.223251,direct,,S0007827
ORD000101,U01450,A,P0054,TREAT,2026-12-02 09:08:26.188321,direct,,S0007850
ORD000102,U01458,A,P0069,TREAT,2026-10-16 22:28:52.687133,direct,,S0007890
ORD000103,U01477,A,P0068,TREAT,2026-11-13 14:35:13.257583,direct,,S0007985
ORD000104,U01501,A,P0069,TREAT,2026-12-05 08:00:00.000000,direct,,S0008118
ORD000105,U01512,A,P0069,TREAT,2026-11-01 12:04:15.920312,direct,,S0008187
ORD000106,U01535,A,P0062,TREAT,2026-10-29 10:58:34.104553,direct,,S0008287
ORD000107,U01564,B,P0076,TREAT,2026-11-07 17:33:45.369161,comparison,REC003803,S0008418
ORD000108,U01589,B,P0054,TREAT,2026-11-17 08:59:36.528205,comparison,,S0008576
ORD000109,U01593,B,P0079,TREAT,2026-10-28 21:11:28.219098,comparison,,S0008592
ORD000110,U01598,A,P0074,TREAT,2026-11-07 10:23:52.898036,recommendation,REC003887,S0008618
ORD000111,U01604,A,P0078,TREAT,2026-09-25 16:23:50.658414,recommendation,REC003901,S0008652
ORD000112,U01605,B,P0074,TREAT,2026-11-19 16:58:40.235474,comparison,,S0008663
ORD000113,U01609,B,P0078,TREAT,2026-11-20 16:14:29.600368,direct,,S0008693
ORD000114,U01610,A,P0078,TREAT,2026-11-08 06:51:05.882729,recommendation,REC003921,S0008696
ORD000115,U01629,B,P0078,TREAT,2026-11-18 20:02:25.080835,recommendation,REC003984,S0008841
ORD000116,U01641,B,P0063,TREAT,2026-10-09 15:15:52.108329,direct,,S0008898
ORD000117,U01660,A,P0054,TREAT,2026-12-05 09:00:00.000000,recommendation,REC004054,S0008994
ORD000118,U01690,A,P0067,TREAT,2026-11-18 12:45:02.191505,recommendation,REC004137,S0009167
ORD000119,U01701,A,P0063,TREAT,2026-11-21 19:07:50.196822,recommendation,REC004169,S0009233
ORD000120,U01719,A,P0078,TREAT,2026-11-27 23:34:33.937671,comparison,REC004198,S0009309
ORD000121,U01733,A,P0054,TREAT,2026-11-26 02:11:09.734601,direct,,S0009376
ORD000122,U01740,A,P0063,TREAT,2026-12-01 23:05:46.010319,direct,,S0009419
ORD000123,U01776,B,P0068,TREAT,2026-11-14 07:01:00.348178,recommendation,REC004338,S0009606
ORD000124,U01802,B,P0076,TREAT,2026-10-28 10:39:33.154316,recommendation,REC004417,S0009790
ORD000125,U01832,A,P0074,TREAT,2026-11-19 09:19:59.899960,direct,,S0009984
ORD000126,U01842,B,P0078,TREAT,2026-11-07 09:11:35.963738,recommendation,REC004540,S0010046
ORD000127,U01842,B,P0067,TREAT,2026-09-13 17:31:31.910407,comparison,REC004541,S0010047
ORD000128,U01843,B,P0054,TREAT,2026-11-15 17:05:43.175800,comparison,REC004543,S0010049
ORD000129,U01875,B,P0075,TREAT,2026-11-29 13:41:58.270022,direct,,S0010213
ORD000130,U01877,A,P0074,TREAT,2026-10-28 16:16:10.483150,comparison,,S0010232
ORD000131,U01882,B,P0076,TREAT,2026-11-05 09:39:56.355417,direct,,S0010249
ORD000132,U01899,A,P0063,TREAT,2026-12-05 11:36:10.546761,direct,,S0010316
ORD000133,U01930,B,P0066,TREAT,2026-10-22 14:58:19.832069,recommendation,REC004739,S0010498
ORD000134,U01939,B,P0068,TREAT,2026-11-23 21:23:32.015251,direct,,S0010538
ORD000135,U01971,B,P0063,TREAT,2026-11-24 03:21:06.659138,direct,,S0010722
ORD000136,U01977,A,P0069,TREAT,2026-10-23 10:24:04.034267,recommendation,REC004866,S0010763
ORD000137,U01977,A,P0054,TREAT,2026-11-03 12:53:29.302422,recommendation,REC004867,S0010764
ORD000138,U01990,B,P0068,TREAT,2026-12-05 05:00:00.000000,direct,,S0010847
ORD000139,U02025,B,P0075,TREAT,2026-11-28 02:33:20.111985,recommendation,REC004988,S0011031
ORD000140,U02027,B,P0067,TREAT,2026-10-31 04:09:22.187827,comparison,REC004996,S0011044
ORD000141,U02038,B,P0076,TREAT,2026-12-04 16:07:47.127713,direct,,S0011104
ORD000142,U02039,A,P0077,TREAT,2026-11-17 19:29:04.167098,recommendation,REC005029,S0011108
ORD000143,U02073,A,P0075,TREAT,2026-11-11 14:26:06.033276,direct,,S0011327
ORD000144,U02091,B,P0067,TREAT,2026-11-29 05:47:54.075656,recommendation,REC005178,S0011412
ORD000145,U02134,B,P0078,TREAT,2026-10-24 23:03:06.654825,direct,,S0011648
ORD000146,U02195,A,P0055,TREAT,2026-11-18 19:33:12.185166,recommendation,REC005431,S0011967
ORD000147,U02203,A,P0068,TREAT,2026-11-10 09:01:02.398842,recommendation,REC005458,S0012025
ORD000148,U02215,B,P0067,TREAT,2026-10-29 21:45:17.557298,comparison,,S0012088
ORD000149,U02217,A,P0066,TREAT,2026-11-12 00:32:22.803302,direct,,S0012103
ORD000150,U02234,B,P0055,TREAT,2026-11-27 07:42:33.013565,recommendation,REC005527,S0012196
ORD000151,U02234,B,P0068,TREAT,2026-10-31 06:52:52.688325,recommendation,REC005529,S0012200
ORD000152,U02241,B,P0074,TREAT,2026-11-21 11:10:22.015389,recommendation,REC005545,S0012236
ORD000153,U02243,A,P0068,TREAT,2026-11-30 07:20:08.893877,comparison,REC005548,S0012242
ORD000154,U02273,A,P0069,TREAT,2026-12-05 04:26:57.160548,recommendation,REC005624,S0012414
ORD000155,U02296,B,P0063,TREAT,2026-12-05 02:00:00.000000,direct,,S0012542
ORD000156,U02324,B,P0067,TREAT,2026-10-17 18:21:44.230812,recommendation,REC005750,S0012691
ORD000157,U02325,A,P0069,TREAT,2026-12-03 06:54:17.696868,comparison,REC005752,S0012696
ORD000158,U02333,B,P0063,TREAT,2026-10-31 10:59:06.251542,direct,,S0012724
ORD000159,U02354,A,P0062,TREAT,2026-12-05 13:05:45.175133,comparison,,S0012819
ORD000160,U02414,A,P0076,TREAT,2026-12-05 02:00:00.000000,comparison,,S0013170
ORD000161,U02418,A,P0076,TREAT,2026-11-17 23:06:52.503627,recommendation,REC005967,S0013195
ORD000162,U02441,A,P0054,TREAT,2026-10-26 13:06:15.365280,comparison,REC006027,S0013321
ORD000163,U02446,A,P0063,TREAT,2026-12-05 10:33:23.604180,recommendation,REC006035,S0013337
ORD000164,U02561,B,P0077,TREAT,2026-12-05 16:00:00.000000,direct,,S0014004
ORD000165,U02576,B,P0054,TREAT,2026-10-21 22:43:33.456907,recommendation,REC006378,S0014107
ORD000166,U02576,B,P0063,TREAT,2026-12-01 00:45:29.372713,direct,,S0014110
ORD000167,U02577,A,P0076,TREAT,2026-11-25 21:53:15.846414,comparison,,S0014113
ORD000168,U02604,A,P0066,TREAT,2026-11-02 17:10:16.588731,direct,,S0014274
ORD000169,U02618,A,P0077,TREAT,2026-10-24 17:51:03.069440,direct,,S0014351
ORD000170,U02640,B,P0066,TREAT,2026-11-07 01:47:47.655776,direct,,S0014489
ORD000171,U02670,A,P0062,TREAT,2026-12-02 12:46:37.499779,recommendation,REC006646,S0014659
ORD000172,U02677,A,P0068,TREAT,2026-10-24 12:41:50.287777,direct,,S0014687
ORD000173,U02702,A,P0074,TREAT,2026-11-18 08:59:38.931647,direct,,S0014825
ORD000174,U02708,B,P0068,TREAT,2026-11-23 11:21:05.122929,direct,,S0014860
ORD000175,U02754,A,P0078,TREAT,2026-10-31 12:21:40.551485,recommendation,REC006869,S0015109
ORD000176,U02765,B,P0054,TREAT,2026-12-05 05:00:00.000000,direct,,S0015177
ORD000177,U02768,A,P0074,TREAT,2026-11-01 08:29:32.983135,comparison,REC006904,S0015193
ORD000178,U02774,A,P0063,TREAT,2026-11-17 06:26:27.480348,comparison,REC006919,S0015239
ORD000179,U02789,A,P0066,TREAT,2026-10-18 03:08:06.008439,recommendation,REC006950,S0015303
ORD000180,U02805,B,P0078,TREAT,2026-11-26 13:55:01.668040,direct,,S0015378
ORD000181,U02855,A,P0076,TREAT,2026-11-30 05:19:09.217738,recommendation,REC007122,S0015668
ORD000182,U02879,B,P0054,TREAT,2026-11-21 16:38:02.467897,recommendation,REC007175,S0015783
ORD000183,U02889,B,P0054,TREAT,2026-10-25 22:31:14.678838,direct,,S0015844
ORD000184,U02891,B,P0063,TREAT,2026-11-04 15:49:38.178658,direct,,S0015858
ORD000185,U02895,A,P0069,TREAT,2026-11-30 14:07:23.488347,recommendation,REC007216,S0015887
ORD000186,U02906,A,P0077,TREAT,2026-10-28 00:52:58.880516,recommendation,REC007235,S0015949
ORD000187,U02910,B,P0062,TREAT,2026-12-05 19:30:41.296318,direct,,S0015989
ORD000188,U02913,A,P0079,TREAT,2026-11-21 19:08:49.898385,direct,,S0016003
ORD000189,U02916,B,P0075,TREAT,2026-10-08 19:05:56.384740,direct,,S0016023
ORD000190,U02923,A,P0069,TREAT,2026-10-04 16:16:59.606893,comparison,REC007284,S0016060
ORD000191,U02958,A,P0068,TREAT,2026-11-06 21:21:31.190807,direct,,S0016246
ORD000192,U02959,A,P0054,TREAT,2026-10-26 20:11:31.676811,direct,,S0016249
ORD000193,U02975,B,P0055,TREAT,2026-10-31 16:24:53.557981,direct,,S0016358
ORD000194,U02979,B,P0062,TREAT,2026-12-03 19:44:56.448108,recommendation,REC007414,S0016383
ORD000195,U03002,B,P0069,TREAT,2026-11-17 14:59:50.117756,direct,,S0016512
ORD000196,U03008,A,P0079,TREAT,2026-11-22 19:41:09.709656,direct,,S0016547
ORD000197,U03010,B,P0069,TREAT,2026-11-23 23:38:08.098904,recommendation,REC007492,S0016553
ORD000198,U03040,A,P0075,TREAT,2026-12-05 19:00:00.000000,direct,,S0016721
ORD000199,U03047,B,P0069,TREAT,2026-10-18 06:54:25.711648,direct,,S0016746
ORD000200,U03057,B,P0074,TREAT,2026-10-27 10:24:29.613255,recommendation,REC007590,S0016794
ORD000201,U03058,B,P0062,TREAT,2026-11-05 16:32:00.598106,comparison,,S0016800
ORD000202,U03058,B,P0075,TREAT,2026-10-26 18:57:43.443648,recommendation,REC007595,S0016806
ORD000203,U03063,B,P0054,TREAT,2026-11-04 05:08:35.974758,comparison,,S0016827
ORD000204,U03109,B,P0055,TREAT,2026-12-01 16:09:45.514673,direct,,S0017072
ORD000205,U03111,B,P0074,TREAT,2026-10-08 16:13:51.890382,recommendation,REC007721,S0017086
ORD000206,U03124,B,P0055,TREAT,2026-10-27 10:33:01.211689,recommendation,REC007757,S0017169
ORD000207,U03127,B,P0078,TREAT,2026-12-05 20:00:00.000000,recommendation,REC007771,S0017189
ORD000208,U03142,A,P0075,TREAT,2026-11-25 10:00:42.325160,comparison,REC007805,S0017268
ORD000209,U03144,B,P0063,TREAT,2026-11-24 07:01:09.726862,recommendation,REC007810,S0017279
ORD000210,U03151,B,P0074,TREAT,2026-10-04 02:35:56.133599,comparison,REC007839,S0017329
ORD000211,U03151,B,P0074,TREAT,2026-11-18 02:35:56.133599,recommendation,REC007840,S0017331
ORD000212,U03155,B,P0076,TREAT,2026-11-10 17:57:44.596779,recommendation,REC007854,S0017359
ORD000213,U03178,B,P0078,TREAT,2026-12-02 03:20:33.701931,direct,,S0017480
ORD000214,U03187,A,P0063,TREAT,2026-12-02 19:42:40.744211,recommendation,REC007941,S0017536
ORD000215,U03197,A,P0069,TREAT,2026-10-16 04:52:59.445701,comparison,REC007965,S0017588
ORD000216,U03220,A,P0076,TREAT,2026-12-03 21:51:11.239909,recommendation,REC008021,S0017726
ORD000217,U03235,B,P0077,TREAT,2026-11-20 21:56:39.624320,direct,,S0017824
ORD000218,U03239,A,P0077,TREAT,2026-11-21 13:39:35.681395,recommendation,REC008079,S0017850
ORD000219,U03244,B,P0078,TREAT,2026-12-05 23:00:00.000000,recommendation,REC008090,S0017866
ORD000220,U03246,B,P0078,TREAT,2026-12-02 11:32:29.957332,comparison,REC008098,S0017880
ORD000221,U03254,A,P0074,TREAT,2026-11-02 08:39:28.759936,comparison,REC008117,S0017926
ORD000222,U03278,A,P0074,TREAT,2026-11-02 06:47:56.236053,recommendation,REC008180,S0018077
ORD000223,U03281,A,P0068,TREAT,2026-09-19 16:15:04.520605,direct,,S0018095
ORD000224,U03281,A,P0074,TREAT,2026-10-24 16:15:04.520605,recommendation,REC008193,S0018102
ORD000225,U03289,A,P0054,TREAT,2026-12-02 20:34:46.296125,recommendation,REC008208,S0018135
ORD000226,U03292,A,P0079,TREAT,2026-11-16 07:51:08.625625,recommendation,REC008222,S0018157
ORD000227,U03328,B,P0062,TREAT,2026-12-05 11:00:00.000000,direct,,S0018335
ORD000228,U03347,A,P0076,TREAT,2026-10-07 21:35:11.453064,recommendation,REC008361,S0018432
ORD000229,U03349,A,P0067,TREAT,2026-11-22 17:08:17.667528,comparison,,S0018447
ORD000230,U03383,A,P0066,TREAT,2026-11-14 02:07:05.566289,direct,,S0018636
ORD000231,U03398,B,P0054,TREAT,2026-12-03 19:45:48.734220,recommendation,REC008476,S0018700
ORD000232,U03429,B,P0066,TREAT,2026-10-29 11:53:56.609104,recommendation,REC008552,S0018862
ORD000233,U03429,B,P0076,TREAT,2026-10-09 18:33:09.609983,direct,,S0018870
ORD000234,U03452,B,P0076,TREAT,2026-11-25 07:05:20.970330,direct,,S0019000
ORD000235,U03458,B,P0054,TREAT,2026-11-30 22:54:23.433684,direct,,S0019012
ORD000236,U03491,B,P0076,TREAT,2026-11-01 02:07:48.846774,recommendation,REC008716,S0019200
ORD000237,U03492,B,P0069,TREAT,2026-11-16 10:48:20.259001,recommendation,REC008719,S0019207
ORD000238,U03505,A,P0079,TREAT,2026-11-28 18:13:15.782458,recommendation,REC008752,S0019275
ORD000239,U03506,B,P0077,TREAT,2026-11-07 23:25:25.251499,direct,,S0019277
ORD000240,U03540,B,P0079,TREAT,2026-12-05 15:00:00.000000,direct,,S0019459
ORD000241,U03554,A,P0068,TREAT,2026-12-05 11:19:40.135019,direct,,S0019532
ORD000242,U03558,A,P0079,TREAT,2026-10-13 13:50:46.858542,direct,,S0019550
ORD000243,U03572,B,P0078,TREAT,2026-11-15 19:21:25.167786,direct,,S0019635
ORD000244,U03586,B,P0079,TREAT,2026-12-02 19:33:22.473651,direct,,S0019726
ORD000245,U03594,B,P0063,TREAT,2026-12-04 00:10:35.276592,direct,,S0019765
ORD000246,U03616,A,P0077,TREAT,2026-11-05 19:41:44.013780,comparison,REC009019,S0019869
ORD000247,U03645,A,P0068,TREAT,2026-10-27 03:25:04.533540,recommendation,REC009090,S0020025
ORD000248,U03670,B,P0075,TREAT,2026-11-22 22:15:49.532100,direct,,S0020156
ORD000249,U03672,A,P0063,TREAT,2026-11-17 05:34:55.567240,recommendation,REC009156,S0020167
ORD000250,U03686,B,P0076,TREAT,2026-10-24 22:21:51.000000,recommendation,REC009185,S0020232
ORD000251,U03699,A,P0075,TREAT,2026-10-30 15:18:30.189609,recommendation,REC009211,S0020300
ORD000252,U03724,A,P0075,TREAT,2026-11-07 14:23:03.140231,recommendation,REC009279,S0020458
ORD000253,U03732,A,P0055,TREAT,2026-11-09 23:39:52.355123,comparison,REC009292,S0020486
ORD000254,U03737,A,P0076,TREAT,2026-12-05 04:00:00.000000,recommendation,REC009306,S0020509
ORD000255,U03738,A,P0079,TREAT,2026-10-28 15:34:22.092721,direct,,S0020511
ORD000256,U03743,A,P0054,TREAT,2026-10-13 20:13:23.810259,direct,,S0020541
ORD000257,U03750,A,P0076,TREAT,2026-11-15 19:40:24.046546,recommendation,REC009339,S0020586
ORD000258,U03752,A,P0069,TREAT,2026-10-31 11:47:00.052936,recommendation,REC009346,S0020602
ORD000259,U03772,A,P0067,TREAT,2026-09-25 07:40:37.280862,recommendation,REC009392,S0020705
ORD000260,U03778,A,P0054,TREAT,2026-10-24 08:39:08.640506,direct,,S0020731
ORD000261,U03785,A,P0077,TREAT,2026-12-03 15:52:05.860933,direct,,S0020770
ORD000262,U03797,B,P0063,TREAT,2026-09-22 09:10:42.282761,recommendation,REC009446,S0020832
ORD000263,U03797,B,P0075,TREAT,2026-10-23 09:10:42.282761,recommendation,REC009448,S0020837
ORD000264,U03806,B,P0054,TREAT,2026-10-30 09:20:53.267224,recommendation,REC009481,S0020896
ORD000265,U03839,A,P0079,TREAT,2026-12-05 09:00:00.000000,recommendation,REC009561,S0021070
ORD000266,U03841,B,P0063,TREAT,2026-11-07 14:21:27.037484,direct,,S0021086
ORD000267,U03846,B,P0054,TREAT,2026-11-20 19:45:48.734470,recommendation,REC009583,S0021122
ORD000268,U03881,A,P0066,TREAT,2026-12-05 06:31:24.412501,recommendation,REC009684,S0021323
ORD000269,U03885,A,P0054,TREAT,2026-11-23 05:47:38.087038,direct,,S0021351
ORD000270,U03915,A,P0066,TREAT,2026-12-02 22:06:14.744321,direct,,S0021517
ORD000271,U03926,A,P0076,TREAT,2026-10-14 19:59:31.131512,recommendation,REC009786,S0021568
ORD000272,U03926,A,P0076,TREAT,2026-11-22 05:20:30.073552,direct,,S0021575
ORD000273,U03931,B,P0062,TREAT,2026-10-08 19:23:00.154818,direct,,S0021596
ORD000274,U03939,B,P0077,TREAT,2026-12-05 17:00:00.000000,recommendation,REC009816,S0021640
ORD000275,U03949,A,P0078,TREAT,2026-10-29 20:53:29.990522,direct,,S0021698
ORD000276,U04005,A,P0075,TREAT,2026-11-19 05:02:38.219131,direct,,S0022029
ORD000277,U04009,A,P0055,TREAT,2026-11-26 05:39:09.904452,direct,,S0022056
ORD000278,U04048,A,P0067,TREAT,2026-10-24 05:32:06.984186,direct,,S0022278
ORD000279,U04049,A,P0076,TREAT,2026-12-05 04:00:00.000000,direct,,S0022286
ORD000280,U04056,A,P0068,TREAT,2026-11-09 05:57:37.828218,direct,,S0022337
ORD000281,U04057,B,P0063,TREAT,2026-12-04 04:44:27.554209,recommendation,REC010142,S0022339
ORD000282,U04090,A,P0069,TREAT,2026-11-22 19:55:40.296040,recommendation,REC010229,S0022548
ORD000283,U04095,B,P0069,TREAT,2026-10-07 02:18:59.511780,recommendation,REC010242,S0022576
ORD000284,U04097,B,P0062,TREAT,2026-11-23 01:32:23.320904,direct,,S0022586
ORD000285,U04118,A,P0068,TREAT,2026-10-11 22:36:00.147335,comparison,,S0022721
ORD000286,U04121,A,P0054,TREAT,2026-11-25 05:26:10.664123,direct,,S0022737
ORD000287,U04156,A,P0062,TREAT,2026-12-05 18:00:00.000000,direct,,S0022921
ORD000288,U04164,A,P0069,TREAT,2026-11-13 09:57:23.577260,comparison,REC010427,S0022980
ORD000289,U04175,A,P0054,TREAT,2026-10-29 12:43:11.550595,recommendation,REC010457,S0023042
ORD000290,U04175,A,P0074,TREAT,2026-11-11 14:10:30.188607,direct,,S0023046
ORD000291,U04176,A,P0078,TREAT,2026-11-19 14:16:08.833417,recommendation,REC010464,S0023057
ORD000292,U04195,B,P0076,TREAT,2026-10-12 06:37:05.441754,comparison,,S0023163
ORD000293,U04201,A,P0067,TREAT,2026-11-06 17:19:15.288198,direct,,S0023198
ORD000294,U04201,A,P0067,TREAT,2026-11-15 13:23:18.011339,recommendation,REC010524,S0023200
ORD000295,U04215,B,P0067,TREAT,2026-12-05 17:00:00.000000,recommendation,REC010552,S0023255
ORD000296,U04242,A,P0075,TREAT,2026-10-11 02:03:56.306281,direct,,S0023391
ORD000297,U04249,A,P0062,TREAT,2026-11-24 10:24:49.993185,direct,,S0023435
ORD000298,U04249,A,P0062,TREAT,2026-12-03 10:24:49.993185,recommendation,REC010626,S0023436
ORD000299,U04256,B,P0054,TREAT,2026-10-28 20:13:20.808120,direct,,S0023471
ORD000300,U04256,B,P0062,TREAT,2026-10-04 16:44:51.006077,direct,,S0023472
ORD000301,U04278,A,P0055,TREAT,2026-09-25 16:46:50.495385,comparison,REC010701,S0023611
ORD000302,U04281,A,P0054,TREAT,2026-12-05 13:34:05.007216,recommendation,REC010706,S0023625
ORD000303,U04290,B,P0076,TREAT,2026-11-12 20:00:07.476967,direct,,S0023673
ORD000304,U04324,B,P0069,TREAT,2026-11-20 07:57:00.431130,direct,,S0023865
ORD000305,U04326,B,P0079,TREAT,2026-09-20 04:29:54.257438,recommendation,REC010825,S0023881
ORD000306,U04342,A,P0075,TREAT,2026-12-05 20:00:00.000000,direct,,S0023981
ORD000307,U04352,A,P0054,TREAT,2026-11-21 21:03:52.847817,recommendation,REC010892,S0024035
ORD000308,U04366,A,P0075,TREAT,2026-11-19 05:57:39.683096,recommendation,REC010919,S0024107
ORD000309,U04373,B,P0062,TREAT,2026-11-12 06:34:19.647306,direct,,S0024150
ORD000310,U04402,A,P0079,TREAT,2026-12-01 12:08:49.411300,recommendation,REC011011,S0024318
ORD000311,U04403,A,P0068,TREAT,2026-12-05 15:00:00.000000,recommendation,REC011018,S0024328
ORD000312,U04406,B,P0079,TREAT,2026-10-09 12:57:42.482172,direct,,S0024348
ORD000313,U04407,B,P0067,TREAT,2026-09-22 11:33:46.785735,recommendation,REC011031,S0024367
ORD000314,U04456,B,P0077,TREAT,2026-11-11 19:54:08.506083,direct,,S0024663
ORD000315,U04456,B,P0066,TREAT,2026-11-19 19:54:08.506083,recommendation,REC011166,S0024664
ORD000316,U04463,A,P0075,TREAT,2026-12-02 04:08:20.618744,comparison,REC011177,S0024697
ORD000317,U04464,A,P0077,TREAT,2026-10-28 15:26:26.303769,recommendation,REC011181,S0024703
ORD000318,U04487,A,P0067,TREAT,2026-10-02 13:58:04.082458,direct,,S0024832
ORD000319,U04523,B,P0063,TREAT,2026-11-22 19:08:28.757840,direct,,S0025036
ORD000320,U04556,A,P0076,TREAT,2026-11-18 20:39:53.234704,recommendation,REC011395,S0025207
ORD000321,U04567,B,P0077,TREAT,2026-11-19 15:56:19.821575,recommendation,REC011418,S0025258
ORD000322,U04584,A,P0067,TREAT,2026-11-14 16:52:24.366872,recommendation,REC011456,S0025331
ORD000323,U04604,B,P0075,TREAT,2026-11-12 02:42:21.042107,recommendation,REC011515,S0025447
ORD000324,U04640,B,P0079,TREAT,2026-11-24 00:39:11.399501,direct,,S0025626
ORD000325,U04661,A,P0076,TREAT,2026-12-05 21:00:00.000000,recommendation,REC011641,S0025762
ORD000326,U04676,A,P0067,TREAT,2026-10-25 01:57:31.514647,recommendation,REC011680,S0025841
ORD000327,U04702,A,P0078,TREAT,2026-11-24 01:41:25.655094,recommendation,REC011748,S0025994
ORD000328,U04730,B,P0055,TREAT,2026-12-05 05:00:00.000000,direct,,S0026150
ORD000329,U04770,B,P0068,TREAT,2026-11-29 05:45:13.513388,direct,,S0026382
ORD000330,U04777,B,P0062,TREAT,2026-10-25 15:04:18.241360,direct,,S0026419
ORD000331,U04794,B,P0063,TREAT,2026-11-29 19:05:07.064244,recommendation,REC011981,S0026501
ORD000332,U04802,A,P0067,TREAT,2026-11-28 00:13:12.397923,direct,,S0026548
ORD000333,U04810,A,P0066,TREAT,2026-11-30 13:28:01.959107,direct,,S0026581
ORD000334,U04812,B,P0075,TREAT,2026-11-26 15:09:47.524206,direct,,S0026592
ORD000335,U04818,B,P0062,TREAT,2026-11-23 23:24:32.512701,direct,,S0026620
ORD000336,U04831,A,P0078,TREAT,2026-10-19 17:41:31.560963,recommendation,REC012063,S0026678
ORD000337,U04847,B,P0054,TREAT,2026-11-10 10:49:29.769991,recommendation,REC012106,S0026760
ORD000338,U04851,A,P0077,TREAT,2026-12-05 11:00:00.000000,direct,,S0026790
ORD000339,U04915,A,P0062,TREAT,2026-10-17 09:08:32.848597,comparison,,S0027146
ORD000340,U04923,B,P0062,TREAT,2026-12-05 22:00:00.000000,direct,,S0027188
ORD000341,U04924,A,P0066,TREAT,2026-11-19 15:41:41.498012,direct,,S0027196
ORD000342,U04937,B,P0077,TREAT,2026-11-04 18:21:50.859611,recommendation,REC012302,S0027256
ORD000343,U04969,A,P0067,TREAT,2026-11-30 05:39:51.284468,direct,,S0027425
ORD000344,U04970,B,P0067,TREAT,2026-12-03 14:56:31.162706,comparison,,S0027428
ORD000345,U04972,B,P0062,TREAT,2026-10-24 09:05:39.309653,direct,,S0027433
